text,model,prompt,response
politics_4_0,o1,mediator_1,"Dear Amy and Josh,

Thank you both for sharing those links—they give us a sense of your differing perspectives on Trump’s policies, particularly around economics and public health. To slow down and get to the root of what really matters, I invite you both to share more about how these views came to be important in your lives. For instance:

• Could you describe a personal experience that shaped your feelings about Trump and these issues?
• What value (e.g., fairness, protection, freedom) do you believe is at stake for you in this debate?

By exploring the personal stories and values behind your perspectives, we can work toward discovering the deeper motivations that often connect us as people, even when we disagree.

Warmly,
AI Mediator
mediator@sopho.ai"
politics_4_0,o1,judge_1,"Hello Amy and Joshua,

AI Judge (judge@sopho.ai) here:

ROUND ANALYSIS

1) Main Claims:
• Amy: “Trump is so bad,” citing a PMC article.  
• Joshua: Disagreement with Amy, citing an article from Tablet Magazine about Trump’s tariffs on China.

2) Fact-Check:
• Amy provides no specific factual assertions except stating “Trump is so bad,” then links a study (PMC7255316). Without further summary from her, its relevance or specific data can’t be assessed.
• Joshua references an article arguing that Trump’s tariffs are “good.” He does not explain how they’re good or present evidence, relying entirely on the article link.  

3) Logical Structure:
• Amy makes a broad negative claim about Trump (“so bad”), linking an external study but not summarizing its findings. This is incomplete reasoning because we see no clear argument or evidence.  
• Joshua’s rebuttal is also unelaborated; he relies on an external article but doesn’t present any specific points or data from it.

4) Flags:
• Amy uses somewhat emotionally loaded language (“Trump is so bad”), which can be seen as an ad hominem or dismissive.  
• Both participants are relying on links without clarifying how they support their positions, which creates a gap in logical clarity.

5) Scores:
• Amy:
  – Factual Accuracy: 1/4 (no factual details provided)  
  – Strength of Reasoning: 1/3 (assertion plus link, no developed argument)  
  – Clarity/Tone: 1/2 (emotionally negative tone)  
  – Avoidance of Manipulative Tactics: 0/1 (ad hominem-style statement)  
  Total: 3/10

• Joshua:
  – Factual Accuracy: 2/4 (states disagreement, links an article, but minimal details)  
  – Strength of Reasoning: 1/3 (no direct argument or evidence beyond the link)  
  – Clarity/Tone: 1/2 (brief, neutral tone but not well-developed)  
  – Avoidance of Manipulative Tactics: 1/1 (no apparent manipulative language)  
  Total: 5/10

6) Stronger Argument:
Joshua’s response is partially stronger since it avoids manipulative language. However, both sides need to elaborate and provide direct evidence or logical detail.

7) Feedback:
• Amy, please specify what, in the article you linked, supports your claim that “Trump is so bad.” Summarize or quote relevant portions so it’s clearer.  
• Joshua, to strengthen your next response, explain which points in the Tablet article substantiate your stance on Trump’s tariffs. Highlight any data or arguments from the article that address Amy’s position.

I encourage both of you to address these points and provide more context and detail in your next responses so we can move toward a more evidence-based discussion."
politics_4_0,o1,facilitator_1,"Hello everyone,

I see Josh and Amy have shared sharply differing perspectives on the impact of Trump’s policies. Thank you both for your openness and for sharing those articles. 

Before diving into solutions or proposals, I’d like to understand more of the group’s viewpoints to ensure we gather a wide range of experiences and values. If you feel comfortable, please share:

• How have these policies (and the broader political climate they represent) affected you or your work?  
• What goals or outcomes do you hope to see in national leadership and international relations?  
• Which concerns or uncertainties feel most pressing for you?

Hearing more will help us frame next steps that speak to our collective needs.

— The AI Facilitator (facilitator@sopho.ai)  "
politics_4_0,o3_mini,mediator_1,"Dear Joshua and Amy,

Thank you both for sharing your perspectives and the articles that illustrate your viewpoints. It’s clear that the issues you’re discussing are not just political stances for you but are connected to personal values and experiences.

Joshua, you highlighted the benefits you see in Trump's approach to tariffs and trade. I’m curious: could you share more about what experiences or underlying values lead you to support these policies? What is it about economic decision-making on the global stage that feels most important to you?

Amy, your concerns about Trump’s policies speak to deep reservations on your part. Would you be willing to share any personal experiences or core values that have shaped your perspective? How do these experiences influence the way you view leadership and accountability in government?

I’m hoping that by sharing more of your stories, we can better understand the values that drive your opinions. Sometimes when we explore our personal connections to these issues, we find important common ground even amidst disagreement.

Looking forward to hearing your thoughts.

Warm regards,
AI Mediator
mediator@sopho.ai"
politics_4_0,o3_mini,judge_1,"Hello both,

Below is my evaluation of your points in this round:

1. Main Claims:
 • Joshua: You express disagreement with Amy’s negative assessment of Trump and support your point of view by linking to an article arguing that tariffs, as implemented by Trump against China, had positive outcomes.
 • Amy: You assert that “Trump is so bad” and back your claim with a link to a study from PubMed Central (PMC).

2. Fact-Checking:
 • Joshua’s link from Tablet magazine presents an opinion piece that argues for the benefits of Trump’s tariffs. While it may highlight one perspective on trade policy, remember that reliance on a single article—especially from a publication with its own editorial slant—may not capture the full spectrum of economic debate.
 • Amy’s link to a PMC article appears intended to offer scientific or empirical evidence against Trump’s policies. However, without context or explanation, it is unclear how the study directly relates to Trump’s actions. I recommend providing a clear summary of the study’s findings and their relevance to your argument.

3. Logical Structure:
 • Joshua: Your argument is concise but lacks explicit reasoning beyond the citation of an article. A clearer explanation linking the evidence to your claim would strengthen your position.
 • Amy: Your statement “Trump is so bad” is strongly worded yet unsupported by explicit reasoning in the email body. Presenting specific examples or outlining how the study supports your claim would help clarify your argument.

4. Flags for Logical Fallacies and Manipulative Tactics:
 • Joshua: There aren’t any overt logical fallacies, though the reliance solely on a linked article without summarizing key points leaves the argument less persuasive.
 • Amy: The language “Trump is so bad” is an emotionally loaded generalization. Additionally, providing only a link without context risks the appearance of cherry-picking evidence that supports a predetermined conclusion.

5. Scores (out of 10):
 • Joshua:
  – Factual Accuracy: 2/4 (Article supports your view, but more detailed evidence would be helpful)
  – Logical Reasoning: 2/3 (The reasoning is implicit; more direct argumentation would strengthen your case)
  – Clarity and Tone: 2/2 (Your message is concise and neutral in tone)
  – Avoidance of Manipulative Tactics: 1/1 (Your email is free of emotionally charged language)
  ⇒ Total: 7/10

 • Amy:
  – Factual Accuracy: 1/4 (Linking a PMC article is good practice, but without context its relevance is unclear)
  – Logical Reasoning: 1/3 (The claim is stated without sufficient explanation or connection to the evidence)
  – Clarity and Tone: 1/2 (The statement is vague and overly broad; more detail is needed)
  – Avoidance of Manipulative Tactics: 0/1 (The emotionally charged phrasing “Trump is so bad” detracts from your argument)
  ⇒ Total: 3/10

6. Stronger Argument:
At this stage, Joshua’s argument is stronger mainly because of its neutral tone and the intention to support his view with evidence. However, both arguments would benefit significantly from more elaborate reasoning and context.

7. Constructive Feedback:
 • Joshua: To improve, consider summarizing key points from your linked article and directly explaining how the evidence supports the argument that Trump’s use of tariffs was beneficial. Detailing specific policy outcomes or economic data would make your case more robust.
 • Amy: Try to articulate your argument in clear, specific terms. Explain which aspects of Trump’s policies the PMC study addresses, describe its findings, and show how they substantiate your conclusion. Reducing emotionally charged language and focusing on precise, evidence-based arguments will strengthen your position.

I encourage both of you to update your arguments with these suggestions in mind, providing more detailed explanations and context for your evidence.

Best regards,
AI Judge
judge@sopho.ai"
politics_4_0,o3_mini,facilitator_1,"Hi Josh and Amy,

Thanks both for sharing your perspectives and the supporting articles. It looks like we have contrasting views here regarding Trump’s policies—Josh sees value in, for example, the tariffs on China as explained in the Tablet Magazine piece, while Amy raises serious concerns about Trump’s overall record, as outlined in the article you referenced.

To help us build a clearer picture, could we dive a bit deeper into what each of you values most in this discussion? For example:
• Josh, could you share more about which aspects of Trump’s approach you find beneficial or necessary? Are there particular economic or policy outcomes you’d like to see continued or expanded?
• Amy, can you elaborate on what aspects of Trump’s record are most troubling to you? Are your concerns focused more on economic policy, ethical questions, or broader governance issues?

Understanding these priorities may help us identify any underlying shared goals—like wanting economic strength or integrity in leadership—even if the strategies to achieve these differ. 

Looking forward to your thoughts so we can explore some common ground and figure out possible ways to address these issues more constructively.

Best,
AI Facilitator
facilitator@sopho.ai"
politics_4_0,gpt_4o_mini_web,mediator_1,"Hi Josh and Amy,

Thank you both for sharing your articles and perspectives; it’s clear that both of you feel strongly about your viewpoints regarding Trump and his policies. 

Joshua, you emphasize the economic aspects of tariffs in your article, suggesting that they have benefits for American workers, particularly in relation to China. Amy, your article seems to focus on the broader social and ethical implications of Trump's leadership, highlighting concerns that resonate with you.

To deepen your conversation, it might be helpful to reflect on what personal values drive your opinions. For example, Joshua, how do you feel tariffs align with your values regarding economic security and job growth? And Amy, what are the core values related to fairness and social responsibility that influence your view?

Your stories and motivations are important; I encourage you both to share them as it may help bridge understanding and find some common ground.

Looking forward to hearing from you.

Best,  
AI Mediator  "
politics_4_0,gpt_4o_mini_web,judge_1,"Thank you both for sharing your perspectives. Let's analyze the arguments presented in this exchange.

### Joshua's Claim
- Joshua links to an article that argues tariffs imposed by Trump on China are beneficial.

### Amy's Claim
- Amy shares an article criticizing Trump, likely detailing negative impacts or consequences of his policies.

### Fact-Checking
- **Joshua's Source:** The article from Tablet Mag argues in favor of Trump's tariffs. While opinions on tariffs can be divided, factual claims regarding their economic impact need scrutiny. Articles should be evaluated for potential bias, as Tablet Mag often presents a conservative perspective.
- **Amy's Source:** The article from PMC likely discusses health or socioeconomic impacts tied to Trump's policies. This source is reputable, but specific claims about the article's content need to be checked for factual accuracy.

### Logical Structure Analysis
- **Joshua:** His argument relies on promoting tariffs as beneficial. However, if his argument does not address counterpoints (like the negative impact on consumers), it could be seen as lacking in depth.
- **Amy:** The effectiveness of her argument will depend on whether she provides specific evidence from her article. Simply stating that Trump is ""so bad"" is vague without supporting details.

### Flags for Fallacies and Manipulative Rhetoric
- **Joshua:** May commit cherry-picking if he only highlights positive aspects of tariffs without acknowledging negatives.
- **Amy:** Her initial statement uses emotionally loaded language (""Trump is so bad""), which could be seen as unproductive.

### Scoring
**Joshua:**
- Factual accuracy: 2 (depends on the article's content being accurate)
- Strength of reasoning: 2 (based on the clarity of his argument and addressing counterpoints)
- Clarity and tone: 1.5 (the tone is straightforward, but lacks depth)
- Avoidance of manipulative tactics: 0.5 (use of a single biased source)

**Score: 6.0/10**

**Amy:**
- Factual accuracy: 3 (depends on the article she shared)
- Strength of reasoning: 1.5 (vague statement without specifics)
- Clarity and tone: 1 (more emotional than factual)
- Avoidance of manipulative tactics: 0.5 (negative framing)

**Score: 6.0/10**

### Stronger Argument
Both arguments are relatively weak due to a lack of in-depth analysis and dependence on single sources. Neither participant clearly articulates their claims or counters the other party's perspective effectively.

### Constructive Feedback
- **Joshua:** Consider addressing common critiques of tariffs and provide a deeper analysis of the economic impact on different groups.
- **Amy:** Aim to use specific evidence from your article and engage with Joshua's claims directly to strengthen your argument.

I encourage both of you to refine your arguments and provide more comprehensive analyses in your next round."
politics_4_0,gpt_4o_mini_web,facilitator_1,"Thank you both for sharing your perspectives. It’s clear that we have differing views on this topic, and I appreciate your willingness to engage in this dialogue. 

**Summary of Perspectives:**
- **Joshua**: Supports certain policies outlined in the linked article, particularly around tariffs and trade with China, believing they have positive implications.
- **Amy**: Critiques Trump's policies, emphasizing the negative consequences as detailed in her article.

**Identified Patterns:**
- Both viewpoints address economic policies but from starkly different angles—one favoring protectionist measures and the other highlighting broader repercussions.
- There appears to be a fundamental difference in how you each perceive the outcomes of Trump’s policies, which may reflect differing values surrounding economic strategy, national interests, and global relations.

**Next Steps:**
To move forward constructively, it would be beneficial to explore common ground. Here are some questions for each of you:
1. Joshua, what specific outcomes do you see from the tariffs that you believe are beneficial, and how do you measure their success?
2. Amy, beyond the critiques, are there alternative policies you would support that could address the concerns you’ve raised?
3. Can both of you share any policy outcomes you agree on, even if you disagree on their broader implications?

These prompts may help us delve deeper into the conversation and foster a more collaborative dialogue about what economic policies could look like moving forward. I look forward to hearing your thoughts! 

Best,  
AI Facilitator  
facilitator@sopho.ai"
